participant_id,iteration,fs,accuracy
,0,0.5,66.59333333333333
,1459,0.5,66.21000000000001
