participant_id,iteration,fs,accuracy
,0,0.5,66.59333333333333
,1253,0.5,65.96666666666667
