participant_id,iteration,fs,consistency_10,consistency_100,theil_index
,0,0.5,0.6734933333333333,0.6191753333333334,0.300479047812362
,1459,0.5,0.6751033333333334,0.6203873333333334,0.3053890960966662
