participant_id,iteration,fs,consistency_10,consistency_100,theil_index
,0,0.5,0.6734933333333333,0.6191753333333334,0.300479047812362
,1554,0.5,0.6808366666666666,0.6261693333333334,0.30368376116537704
