participant_id,iteration,fs,consistency_10,consistency_100,theil_index
,0,0.5,0.6734933333333333,0.6191753333333334,0.300479047812362
,1253,0.5,0.6760766666666667,0.621127,0.3101460044796813
