participant_id,iteration,fs,accuracy
,0,0.5,66.59333333333333
,295,0.5,65.92333333333333
