participant_id,iteration,fs,accuracy
,0,0.5,66.59333333333333
,315,0.5,65.52666666666667
