participant_id,iteration,fs,consistency_10,consistency_100,theil_index
,0,0.5,0.6734933333333333,0.6191753333333334,0.300479047812362
,890,0.5,0.6767366666666667,0.6196033333333333,0.3117894209414066
