participant_id,iteration,fs,consistency_10,consistency_100,theil_index
,0,0.5,0.6734933333333333,0.6191753333333334,0.300479047812362
,315,0.5,0.6770733333333334,0.6196119999999999,0.31663955250549713
