participant_id,iteration,fs,accuracy
,0,0.5,66.59333333333333
,503,0.5,65.32333333333334
