participant_id,iteration,fs,consistency_10,consistency_100,theil_index
,0,0.5,0.6734933333333333,0.6191753333333334,0.300479047812362
,503,0.5,0.6703300000000001,0.6138939999999999,0.31650092945287306
