participant_id,iteration,fs,consistency_10,consistency_100,theil_index
,0,0.5,0.6734933333333333,0.6191753333333334,0.300479047812362
,556,0.5,0.6656433333333334,0.6087453333333332,0.3211291401853427
